{
    "a1": {
        "x": 0.0,
        "y": 0.0
    },
    "b1": {
        "x": 0.0,
        "y": 25.4
    },
    "c1": {
        "x": 0.0,
        "y": 50.8
    },
    "d1": {
        "x": 0.0,
        "y": 76.19999999999999
    },
    "e1": {
        "x": 0.0,
        "y": 101.6
    },
    "f1": {
        "x": 0.0,
        "y": 127.0
    },
    "g1": {
        "x": 0.0,
        "y": 152.39999999999998
    },
    "h1": {
        "x": 0.0,
        "y": 177.79999999999998
    },
    "a2": {
        "x": 25.4,
        "y": 0.0
    },
    "b2": {
        "x": 25.4,
        "y": 25.4
    },
    "c2": {
        "x": 25.4,
        "y": 50.8
    },
    "d2": {
        "x": 25.4,
        "y": 76.19999999999999
    },
    "e2": {
        "x": 25.4,
        "y": 101.6
    },
    "f2": {
        "x": 25.4,
        "y": 127.0
    },
    "g2": {
        "x": 25.4,
        "y": 152.39999999999998
    },
    "h2": {
        "x": 25.4,
        "y": 177.79999999999998
    },
    "a3": {
        "x": 50.8,
        "y": 0.0
    },
    "b3": {
        "x": 50.8,
        "y": 25.4
    },
    "c3": {
        "x": 50.8,
        "y": 50.8
    },
    "d3": {
        "x": 50.8,
        "y": 76.19999999999999
    },
    "e3": {
        "x": 50.8,
        "y": 101.6
    },
    "f3": {
        "x": 50.8,
        "y": 127.0
    },
    "g3": {
        "x": 50.8,
        "y": 152.39999999999998
    },
    "h3": {
        "x": 50.8,
        "y": 177.79999999999998
    },
    "a4": {
        "x": 76.19999999999999,
        "y": 0.0
    },
    "b4": {
        "x": 76.19999999999999,
        "y": 25.4
    },
    "c4": {
        "x": 76.19999999999999,
        "y": 50.8
    },
    "d4": {
        "x": 76.19999999999999,
        "y": 76.19999999999999
    },
    "e4": {
        "x": 76.19999999999999,
        "y": 101.6
    },
    "f4": {
        "x": 76.19999999999999,
        "y": 127.0
    },
    "g4": {
        "x": 76.19999999999999,
        "y": 152.39999999999998
    },
    "h4": {
        "x": 76.19999999999999,
        "y": 177.79999999999998
    },
    "a5": {
        "x": 101.6,
        "y": 0.0
    },
    "b5": {
        "x": 101.6,
        "y": 25.4
    },
    "c5": {
        "x": 101.6,
        "y": 50.8
    },
    "d5": {
        "x": 101.6,
        "y": 76.19999999999999
    },
    "e5": {
        "x": 101.6,
        "y": 101.6
    },
    "f5": {
        "x": 101.6,
        "y": 127.0
    },
    "g5": {
        "x": 101.6,
        "y": 152.39999999999998
    },
    "h5": {
        "x": 101.6,
        "y": 177.79999999999998
    },
    "a6": {
        "x": 127.0,
        "y": 0.0
    },
    "b6": {
        "x": 127.0,
        "y": 25.4
    },
    "c6": {
        "x": 127.0,
        "y": 50.8
    },
    "d6": {
        "x": 127.0,
        "y": 76.19999999999999
    },
    "e6": {
        "x": 127.0,
        "y": 101.6
    },
    "f6": {
        "x": 127.0,
        "y": 127.0
    },
    "g6": {
        "x": 127.0,
        "y": 152.39999999999998
    },
    "h6": {
        "x": 127.0,
        "y": 177.79999999999998
    },
    "a7": {
        "x": 152.39999999999998,
        "y": 0.0
    },
    "b7": {
        "x": 152.39999999999998,
        "y": 25.4
    },
    "c7": {
        "x": 152.39999999999998,
        "y": 50.8
    },
    "d7": {
        "x": 152.39999999999998,
        "y": 76.19999999999999
    },
    "e7": {
        "x": 152.39999999999998,
        "y": 101.6
    },
    "f7": {
        "x": 152.39999999999998,
        "y": 127.0
    },
    "g7": {
        "x": 152.39999999999998,
        "y": 152.39999999999998
    },
    "h7": {
        "x": 152.39999999999998,
        "y": 177.79999999999998
    },
    "a8": {
        "x": 177.79999999999998,
        "y": 0.0
    },
    "b8": {
        "x": 177.79999999999998,
        "y": 25.4
    },
    "c8": {
        "x": 177.79999999999998,
        "y": 50.8
    },
    "d8": {
        "x": 177.79999999999998,
        "y": 76.19999999999999
    },
    "e8": {
        "x": 177.79999999999998,
        "y": 101.6
    },
    "f8": {
        "x": 177.79999999999998,
        "y": 127.0
    },
    "g8": {
        "x": 177.79999999999998,
        "y": 152.39999999999998
    },
    "h8": {
        "x": 177.79999999999998,
        "y": 177.79999999999998
    }
}